rubber,elastic,0.29
rubber,bounce,0.31
rubber,gloves,0.39
rubber,tire,0.29
rubber,ball,0.28
rubber,eraser,0.2
rubber,springy,0.12
rubber,foam,0.46
rubber,galoshes,0.04
rubber,soles,0.22
rubber,latex,0.66
rubber,glue,0.37
rubber,flexible,0.26
rubber,resilient,0.22
rubber,stretch,0.29
elastic,bounce,0.22
elastic,gloves,0.12
elastic,tire,0.19
elastic,ball,0.12
elastic,eraser,0.06
elastic,springy,0.1
elastic,foam,0.28
elastic,galoshes,0.04
elastic,soles,0.15
elastic,latex,0.34
elastic,glue,0.16
elastic,flexible,0.35
elastic,resilient,0.13
elastic,stretch,0.13
bounce,gloves,0.18
bounce,tire,0.16
bounce,ball,0.64
bounce,eraser,0.11
bounce,springy,0.06
bounce,foam,0.25
bounce,galoshes,0.05
bounce,soles,0.12
bounce,latex,0.09
bounce,glue,0.03
bounce,flexible,0.11
bounce,resilient,0.07
bounce,stretch,0.26
gloves,tire,0.2
gloves,ball,0.12
gloves,eraser,0.05
gloves,springy,0.1
gloves,foam,0.29
gloves,galoshes,0.26
gloves,soles,0.46
gloves,latex,0.2
gloves,glue,0.21
gloves,flexible,0.14
gloves,resilient,0.08
gloves,stretch,0.15
tire,ball,0.04
tire,eraser,0.03
tire,springy,0.14
tire,foam,0.18
tire,galoshes,-0.02
tire,soles,0.09
tire,latex,0.15
tire,glue,0.16
tire,flexible,0.24
tire,resilient,-0.04
tire,stretch,0.38
ball,eraser,0.05
ball,springy,0.09
ball,foam,0.18
ball,galoshes,-0.0
ball,soles,0.03
ball,latex,0.08
ball,glue,0.0
ball,flexible,0.07
ball,resilient,0.04
ball,stretch,0.16
eraser,springy,0.21
eraser,foam,0.09
eraser,galoshes,0.03
eraser,soles,-0.02
eraser,latex,0.04
eraser,glue,0.23
eraser,flexible,0.09
eraser,resilient,0.04
eraser,stretch,0.12
springy,foam,0.06
springy,galoshes,-0.03
springy,soles,0.22
springy,latex,0.12
springy,glue,0.06
springy,flexible,0.15
springy,resilient,-0.03
springy,stretch,0.18
foam,galoshes,0.05
foam,soles,0.2
foam,latex,0.4
foam,glue,0.31
foam,flexible,0.24
foam,resilient,0.19
foam,stretch,0.24
galoshes,soles,0.28
galoshes,latex,-0.05
galoshes,glue,0.05
galoshes,flexible,0.04
galoshes,resilient,0.03
galoshes,stretch,0.06
soles,latex,0.19
soles,glue,0.15
soles,flexible,0.15
soles,resilient,0.12
soles,stretch,0.16
latex,glue,0.37
latex,flexible,0.27
latex,resilient,0.34
latex,stretch,0.11
glue,flexible,0.27
glue,resilient,0.35
glue,stretch,0.15
flexible,resilient,0.28
flexible,stretch,0.25
resilient,stretch,0.02
command,order,0.2
command,army,0.46
command,obey,0.18
command,officer,0.36
command,performance,0.04
command,do,0.16
command,tell,0.12
command,general,0.33
command,shout,0.08
command,halt,0.23
command,voice,0.14
command,soldier,0.38
command,harsh,0.21
command,attention,0.15
command,sharp,0.1
order,army,0.11
order,obey,0.25
order,officer,0.16
order,performance,0.18
order,do,0.34
order,tell,0.21
order,general,0.25
order,shout,0.09
order,halt,0.18
order,voice,0.11
order,soldier,0.12
order,harsh,0.17
order,attention,0.37
order,sharp,0.16
army,obey,0.17
army,officer,0.43
army,performance,0.03
army,do,0.09
army,tell,0.06
army,general,0.47
army,shout,0.1
army,halt,0.19
army,voice,0.03
army,soldier,0.79
army,harsh,0.21
army,attention,0.07
army,sharp,0.06
obey,officer,0.14
obey,performance,0.05
obey,do,0.29
obey,tell,0.18
obey,general,0.15
obey,shout,0.2
obey,halt,0.14
obey,voice,0.14
obey,soldier,0.17
obey,harsh,0.28
obey,attention,0.13
obey,sharp,0.14
officer,performance,0.08
officer,do,0.17
officer,tell,0.11
officer,general,0.26
officer,shout,0.14
officer,halt,0.24
officer,voice,0.2
officer,soldier,0.45
officer,harsh,0.24
officer,attention,0.12
officer,sharp,0.07
performance,do,0.2
performance,tell,0.06
performance,general,0.24
performance,shout,0.08
performance,halt,0.11
performance,voice,0.09
performance,soldier,0.03
performance,harsh,0.11
performance,attention,0.39
performance,sharp,0.07
do,tell,0.57
do,general,0.21
do,shout,0.28
do,halt,0.19
do,voice,0.32
do,soldier,0.17
do,harsh,0.2
do,attention,0.39
do,sharp,0.28
tell,general,0.07
tell,shout,0.28
tell,halt,0.12
tell,voice,0.3
tell,soldier,0.13
tell,harsh,0.11
tell,attention,0.21
tell,sharp,0.22
general,shout,0.06
general,halt,0.15
general,voice,0.05
general,soldier,0.36
general,harsh,0.16
general,attention,0.28
general,sharp,0.12
shout,halt,0.39
shout,voice,0.54
shout,soldier,0.23
shout,harsh,0.23
shout,attention,0.23
shout,sharp,0.33
halt,voice,0.25
halt,soldier,0.24
halt,harsh,0.25
halt,attention,0.29
halt,sharp,0.29
voice,soldier,0.2
voice,harsh,0.36
voice,attention,0.35
voice,sharp,0.27
soldier,harsh,0.21
soldier,attention,0.1
soldier,sharp,0.15
harsh,attention,0.28
harsh,sharp,0.3
attention,sharp,0.24
king,queen,0.77
king,England,0.35
king,crown,0.48
king,prince,0.61
king,George,0.17
king,dictator,0.25
king,palace,0.65
king,throne,0.73
king,chess,0.1
king,rule,0.24
king,subjects,0.19
king,monarch,0.62
king,royal,0.84
king,leader,0.21
king,reign,0.53
queen,England,0.4
queen,crown,0.45
queen,prince,0.58
queen,George,0.11
queen,dictator,0.25
queen,palace,0.57
queen,throne,0.65
queen,chess,0.11
queen,rule,0.2
queen,subjects,0.14
queen,monarch,0.61
queen,royal,0.73
queen,leader,0.15
queen,reign,0.51
England,crown,0.39
England,prince,0.1
England,George,0.11
England,dictator,0.14
England,palace,0.07
England,throne,0.35
England,chess,0.05
England,rule,0.2
England,subjects,0.11
England,monarch,0.51
England,royal,0.45
England,leader,0.15
England,reign,0.39
crown,prince,0.31
crown,George,0.17
crown,dictator,0.2
crown,palace,0.34
crown,throne,0.49
crown,chess,0.06
crown,rule,0.31
crown,subjects,0.12
crown,monarch,0.56
crown,royal,0.6
crown,leader,0.15
crown,reign,0.37
prince,George,0.06
prince,dictator,0.11
prince,palace,0.72
prince,throne,0.65
prince,chess,0.11
prince,rule,0.23
prince,subjects,0.13
prince,monarch,0.33
prince,royal,0.54
prince,leader,0.16
prince,reign,0.36
George,dictator,-0.07
George,palace,0.08
George,throne,0.06
George,chess,0.06
George,rule,0.1
George,subjects,0.04
George,monarch,0.04
George,royal,0.18
George,leader,0.16
George,reign,0.05
dictator,palace,0.13
dictator,throne,0.31
dictator,chess,0.06
dictator,rule,0.54
dictator,subjects,0.1
dictator,monarch,0.43
dictator,royal,0.21
dictator,leader,0.52
dictator,reign,0.36
palace,throne,0.72
palace,chess,0.13
palace,rule,0.18
palace,subjects,0.16
palace,monarch,0.36
palace,royal,0.62
palace,leader,0.13
palace,reign,0.39
throne,chess,0.11
throne,rule,0.42
throne,subjects,0.2
throne,monarch,0.68
throne,royal,0.76
throne,leader,0.25
throne,reign,0.76
chess,rule,0.13
chess,subjects,0.04
chess,monarch,0.02
chess,royal,0.09
chess,leader,0.11
chess,reign,0.11
rule,subjects,0.14
rule,monarch,0.38
rule,royal,0.24
rule,leader,0.47
rule,reign,0.43
subjects,monarch,0.21
subjects,royal,0.22
subjects,leader,0.03
subjects,reign,0.18
monarch,royal,0.74
monarch,leader,0.26
monarch,reign,0.65
royal,leader,0.16
royal,reign,0.59
leader,reign,0.33
city,town,0.27
city,crowded,0.58
city,state,0.19
city,capital,0.35
city,streets,0.67
city,subway,0.36
city,square,0.18
city,New York,0.42
city,village,0.12
city,metropolis,0.44
city,big,0.15
city,Chicago,0.48
city,suburb,0.56
city,county,0.29
city,urban,0.54
town,crowded,0.32
town,state,0.1
town,capital,0.07
town,streets,0.58
town,subway,0.18
town,square,0.27
town,New York,0.14
town,village,0.37
town,metropolis,0.25
town,big,0.21
town,Chicago,0.22
town,suburb,0.4
town,county,0.42
town,urban,0.11
crowded,state,0.07
crowded,capital,0.12
crowded,streets,0.64
crowded,subway,0.34
crowded,square,0.27
crowded,New York,0.27
crowded,village,0.27
crowded,metropolis,0.37
crowded,big,0.32
crowded,Chicago,0.32
crowded,suburb,0.5
crowded,county,0.22
crowded,urban,0.46
state,capital,0.16
state,streets,0.05
state,subway,-0.01
state,square,0.13
state,New York,0.26
state,village,0.04
state,metropolis,0.23
state,big,0.07
state,Chicago,0.17
state,suburb,0.03
state,county,0.5
state,urban,0.18
capital,streets,0.19
capital,subway,0.08
capital,square,0.15
capital,New York,0.11
capital,village,0.07
capital,metropolis,0.14
capital,big,0.01
capital,Chicago,0.04
capital,suburb,0.17
capital,county,0.02
capital,urban,0.14
streets,subway,0.45
streets,square,0.26
streets,New York,0.26
streets,village,0.26
streets,metropolis,0.5
streets,big,0.19
streets,Chicago,0.34
streets,suburb,0.52
streets,county,0.2
streets,urban,0.33
subway,square,0.17
subway,New York,0.23
subway,village,-0.02
subway,metropolis,0.27
subway,big,0.24
subway,Chicago,0.27
subway,suburb,0.23
subway,county,0.06
subway,urban,0.11
square,New York,0.19
square,village,0.15
square,metropolis,0.08
square,big,0.16
square,Chicago,0.11
square,suburb,0.16
square,county,0.24
square,urban,0.1
New York,village,0.07
New York,metropolis,0.23
New York,big,0.14
New York,Chicago,0.44
New York,suburb,0.17
New York,county,0.3
New York,urban,0.26
village,metropolis,0.01
village,big,0.04
village,Chicago,0.05
village,suburb,0.12
village,county,0.18
village,urban,0.06
metropolis,big,0.21
metropolis,Chicago,0.25
metropolis,suburb,0.36
metropolis,county,0.22
metropolis,urban,0.33
big,Chicago,0.18
big,suburb,0.13
big,county,0.12
big,urban,0.02
Chicago,suburb,0.33
Chicago,county,0.33
Chicago,urban,0.42
suburb,county,0.31
suburb,urban,0.5
county,urban,0.36
whistle,stop,0.31
whistle,train,0.41
whistle,noise,0.53
whistle,sing,0.32
whistle,blow,0.2
whistle,tune,0.37
whistle,sound,0.54
whistle,dog,0.24
whistle,song,0.26
whistle,shrill,0.57
whistle,boy,0.22
whistle,lips,0.35
whistle,wolf,0.12
whistle,call,0.31
whistle,loud,0.65
stop,train,0.3
stop,noise,0.33
stop,sing,0.21
stop,blow,0.22
stop,tune,0.18
stop,sound,0.15
stop,dog,0.14
stop,song,0.18
stop,shrill,0.27
stop,boy,0.27
stop,lips,0.21
stop,wolf,0.09
stop,call,0.3
stop,loud,0.34
train,noise,0.14
train,sing,0.03
train,blow,0.05
train,tune,0.15
train,sound,0.2
train,dog,0.13
train,song,0.02
train,shrill,0.17
train,boy,0.11
train,lips,0.17
train,wolf,0.07
train,call,0.15
train,loud,0.18
noise,sing,0.23
noise,blow,0.17
noise,tune,0.37
noise,sound,0.58
noise,dog,0.15
noise,song,0.21
noise,shrill,0.53
noise,boy,0.11
noise,lips,0.25
noise,wolf,0.16
noise,call,0.26
noise,loud,0.81
sing,blow,0.19
sing,tune,0.73
sing,sound,0.26
sing,dog,0.07
sing,song,0.88
sing,shrill,0.25
sing,boy,0.13
sing,lips,0.19
sing,wolf,0.09
sing,call,0.18
sing,loud,0.32
blow,tune,0.19
blow,sound,0.13
blow,dog,0.05
blow,song,0.2
blow,shrill,0.26
blow,boy,0.11
blow,lips,0.24
blow,wolf,0.06
blow,call,0.14
blow,loud,0.2
tune,sound,0.44
tune,dog,0.03
tune,song,0.74
tune,shrill,0.38
tune,boy,0.15
tune,lips,0.28
tune,wolf,0.04
tune,call,0.23
tune,loud,0.45
sound,dog,0.08
sound,song,0.23
sound,shrill,0.47
sound,boy,0.11
sound,lips,0.32
sound,wolf,0.11
sound,call,0.19
sound,loud,0.72
dog,song,0.07
dog,shrill,0.17
dog,boy,0.16
dog,lips,0.16
dog,wolf,0.3
dog,call,0.15
dog,loud,0.16
song,shrill,0.31
song,boy,0.14
song,lips,0.24
song,wolf,0.1
song,call,0.16
song,loud,0.3
shrill,boy,0.29
shrill,lips,0.53
shrill,wolf,0.13
shrill,call,0.29
shrill,loud,0.65
boy,lips,0.26
boy,wolf,0.23
boy,call,0.21
boy,loud,0.24
lips,wolf,0.12
lips,call,0.29
lips,loud,0.44
wolf,call,0.11
wolf,loud,0.13
call,loud,0.38
trash,garbage,0.86
trash,waste,0.64
trash,can,0.23
trash,refuse,0.16
trash,sewage,0.71
trash,dirt,0.32
trash,junk,0.45
trash,rubbish,0.25
trash,paper,0.2
trash,scraps,0.29
trash,pile,0.32
trash,dump,0.79
trash,landfill,0.89
trash,debris,0.08
trash,litter,0.78
garbage,waste,0.63
garbage,can,0.24
garbage,refuse,0.21
garbage,sewage,0.77
garbage,dirt,0.3
garbage,junk,0.37
garbage,rubbish,0.21
garbage,paper,0.15
garbage,scraps,0.33
garbage,pile,0.27
garbage,dump,0.85
garbage,landfill,0.81
garbage,debris,0.04
garbage,litter,0.66
waste,can,0.23
waste,refuse,0.13
waste,sewage,0.67
waste,dirt,0.22
waste,junk,0.26
waste,rubbish,0.12
waste,paper,0.13
waste,scraps,0.22
waste,pile,0.16
waste,dump,0.65
waste,landfill,0.7
waste,debris,0.07
waste,litter,0.49
can,refuse,0.28
can,sewage,0.14
can,dirt,0.27
can,junk,0.25
can,rubbish,0.17
can,paper,0.23
can,scraps,0.23
can,pile,0.29
can,dump,0.24
can,landfill,0.15
can,debris,0.14
can,litter,0.29
refuse,sewage,0.09
refuse,dirt,0.17
refuse,junk,0.13
refuse,rubbish,0.21
refuse,paper,0.1
refuse,scraps,0.15
refuse,pile,0.13
refuse,dump,0.18
refuse,landfill,0.12
refuse,debris,0.03
refuse,litter,0.16
sewage,dirt,0.18
sewage,junk,0.19
sewage,rubbish,0.1
sewage,paper,0.07
sewage,scraps,0.13
sewage,pile,0.08
sewage,dump,0.82
sewage,landfill,0.76
sewage,debris,0.05
sewage,litter,0.52
dirt,junk,0.36
dirt,rubbish,0.35
dirt,paper,0.1
dirt,scraps,0.23
dirt,pile,0.44
dirt,dump,0.35
dirt,landfill,0.19
dirt,debris,0.3
dirt,litter,0.29
junk,rubbish,0.44
junk,paper,0.23
junk,scraps,0.29
junk,pile,0.5
junk,dump,0.42
junk,landfill,0.33
junk,debris,0.08
junk,litter,0.35
rubbish,paper,0.15
rubbish,scraps,0.36
rubbish,pile,0.43
rubbish,dump,0.26
rubbish,landfill,0.15
rubbish,debris,0.29
rubbish,litter,0.21
paper,scraps,0.4
paper,pile,0.21
paper,dump,0.14
paper,landfill,0.18
paper,debris,0.0
paper,litter,0.19
scraps,pile,0.38
scraps,dump,0.25
scraps,landfill,0.21
scraps,debris,0.13
scraps,litter,0.29
pile,dump,0.27
pile,landfill,0.2
pile,debris,0.35
pile,litter,0.31
dump,landfill,0.76
dump,debris,0.04
dump,litter,0.56
landfill,debris,0.0
landfill,litter,0.72
debris,litter,0.13
cabbage,head,0.26
cabbage,lettuce,0.45
cabbage,vegetable,0.42
cabbage,food,0.29
cabbage,salad,0.41
cabbage,green,0.27
cabbage,garden,0.45
cabbage,leaf,0.3
cabbage,sauerkraut,0.15
cabbage,smell,0.22
cabbage,slaw,0.06
cabbage,patch,0.34
cabbage,plant,0.36
cabbage,carrots,0.49
cabbage,soup,0.43
head,lettuce,0.15
head,vegetable,0.12
head,food,0.07
head,salad,0.1
head,green,0.15
head,garden,0.27
head,leaf,0.13
head,sauerkraut,0.05
head,smell,0.23
head,slaw,0.09
head,patch,0.35
head,plant,0.04
head,carrots,0.08
head,soup,0.18
lettuce,vegetable,0.56
lettuce,food,0.36
lettuce,salad,0.57
lettuce,green,0.5
lettuce,garden,0.23
lettuce,leaf,0.4
lettuce,sauerkraut,0.24
lettuce,smell,0.17
lettuce,slaw,0.09
lettuce,patch,0.25
lettuce,plant,0.41
lettuce,carrots,0.66
lettuce,soup,0.41
vegetable,food,0.29
vegetable,salad,0.63
vegetable,green,0.16
vegetable,garden,0.23
vegetable,leaf,0.14
vegetable,sauerkraut,0.3
vegetable,smell,0.13
vegetable,slaw,0.02
vegetable,patch,0.26
vegetable,plant,0.2
vegetable,carrots,0.74
vegetable,soup,0.33
food,salad,0.29
food,green,0.24
food,garden,0.09
food,leaf,0.22
food,sauerkraut,0.17
food,smell,0.13
food,slaw,0.09
food,patch,0.12
food,plant,0.28
food,carrots,0.29
food,soup,0.3
salad,green,0.13
salad,garden,0.07
salad,leaf,0.09
salad,sauerkraut,0.3
salad,smell,0.16
salad,slaw,0.17
salad,patch,0.12
salad,plant,0.04
salad,carrots,0.63
salad,soup,0.61
green,garden,0.29
green,leaf,0.43
green,sauerkraut,0.01
green,smell,0.14
green,slaw,-0.01
green,patch,0.37
green,plant,0.33
green,carrots,0.24
green,soup,0.16
garden,leaf,0.2
garden,sauerkraut,0.09
garden,smell,0.23
garden,slaw,0.09
garden,patch,0.37
garden,plant,0.28
garden,carrots,0.3
garden,soup,0.2
leaf,sauerkraut,-0.07
leaf,smell,0.11
leaf,slaw,0.02
leaf,patch,0.12
leaf,plant,0.67
leaf,carrots,0.21
leaf,soup,0.06
sauerkraut,smell,0.04
sauerkraut,slaw,0.11
sauerkraut,patch,0.05
sauerkraut,plant,0.0
sauerkraut,carrots,0.25
sauerkraut,soup,0.18
smell,slaw,0.16
smell,patch,0.18
smell,plant,0.05
smell,carrots,0.14
smell,soup,0.25
slaw,patch,-0.05
slaw,plant,0.0
slaw,carrots,0.03
slaw,soup,0.2
patch,plant,0.08
patch,carrots,0.24
patch,soup,0.28
plant,carrots,0.29
plant,soup,0.04
carrots,soup,0.42
health,sickness,0.39
health,good,0.28
health,happiness,0.13
health,wealth,0.03
health,ill,0.57
health,doctor,0.21
health,service,0.16
health,strong,0.07
health,hospital,0.27
health,disease,0.33
health,body,0.19
health,vigor,0.19
health,center,0.1
health,pain,0.12
health,robust,0.1
sickness,good,0.21
sickness,happiness,0.22
sickness,wealth,0.11
sickness,ill,0.56
sickness,doctor,0.38
sickness,service,0.04
sickness,strong,0.18
sickness,hospital,0.27
sickness,disease,0.48
sickness,body,0.33
sickness,vigor,0.15
sickness,center,0.09
sickness,pain,0.54
sickness,robust,0.06
good,happiness,0.35
good,wealth,0.14
good,ill,0.32
good,doctor,0.19
good,service,0.17
good,strong,0.33
good,hospital,0.08
good,disease,0.07
good,body,0.14
good,vigor,0.26
good,center,0.13
good,pain,0.13
good,robust,0.12
happiness,wealth,0.19
happiness,ill,0.33
happiness,doctor,0.01
happiness,service,0.09
happiness,strong,0.3
happiness,hospital,-0.03
happiness,disease,0.04
happiness,body,0.05
happiness,vigor,0.29
happiness,center,0.02
happiness,pain,0.14
happiness,robust,0.18
wealth,ill,0.12
wealth,doctor,-0.02
wealth,service,0.06
wealth,strong,0.22
wealth,hospital,0.0
wealth,disease,0.02
wealth,body,0.03
wealth,vigor,0.21
wealth,center,0.11
wealth,pain,0.04
wealth,robust,0.02
ill,doctor,0.46
ill,service,0.05
ill,strong,0.25
ill,hospital,0.48
ill,disease,0.47
ill,body,0.24
ill,vigor,0.27
ill,center,0.1
ill,pain,0.37
ill,robust,0.14
doctor,service,0.04
doctor,strong,0.07
doctor,hospital,0.71
doctor,disease,0.19
doctor,body,0.16
doctor,vigor,0.07
doctor,center,0.05
doctor,pain,0.41
doctor,robust,0.0
service,strong,0.09
service,hospital,0.09
service,disease,0.03
service,body,0.03
service,vigor,0.08
service,center,0.16
service,pain,0.0
service,robust,0.17
strong,hospital,0.03
strong,disease,0.04
strong,body,0.25
strong,vigor,0.26
strong,center,0.15
strong,pain,0.21
strong,robust,0.13
hospital,disease,0.1
hospital,body,0.06
hospital,vigor,0.01
hospital,center,0.13
hospital,pain,0.33
hospital,robust,0.09
disease,body,0.23
disease,vigor,0.18
disease,center,0.06
disease,pain,0.25
disease,robust,0.01
body,vigor,0.18
body,center,0.17
body,pain,0.35
body,robust,0.03
vigor,center,0.11
vigor,pain,0.12
vigor,robust,0.09
center,pain,0.06
center,robust,0.05
pain,robust,0.04
mutton,lamb,0.41
mutton,sheep,0.38
mutton,meat,0.45
mutton,chops,0.28
mutton,beef,0.49
mutton,veal,0.45
mutton,collar,0.16
mutton,leg,0.14
mutton,eat,0.25
mutton,fat,0.23
mutton,coat,0.22
mutton,stew,0.41
mutton,fur,0.07
mutton,pork,0.51
mutton,steak,0.36
lamb,sheep,0.53
lamb,meat,0.47
lamb,chops,0.54
lamb,beef,0.53
lamb,veal,0.46
lamb,collar,0.18
lamb,leg,0.22
lamb,eat,0.36
lamb,fat,0.4
lamb,coat,0.22
lamb,stew,0.36
lamb,fur,0.11
lamb,pork,0.53
lamb,steak,0.47
sheep,meat,0.39
sheep,chops,0.15
sheep,beef,0.57
sheep,veal,0.17
sheep,collar,0.1
sheep,leg,0.07
sheep,eat,0.14
sheep,fat,0.11
sheep,coat,0.15
sheep,stew,0.17
sheep,fur,0.13
sheep,pork,0.3
sheep,steak,0.19
meat,chops,0.33
meat,beef,0.7
meat,veal,0.58
meat,collar,0.04
meat,leg,0.1
meat,eat,0.53
meat,fat,0.46
meat,coat,0.08
meat,stew,0.51
meat,fur,0.22
meat,pork,0.76
meat,steak,0.59
chops,beef,0.29
chops,veal,0.37
chops,collar,0.12
chops,leg,0.23
chops,eat,0.33
chops,fat,0.3
chops,coat,0.13
chops,stew,0.36
chops,fur,0.09
chops,pork,0.46
chops,steak,0.42
beef,veal,0.53
beef,collar,0.07
beef,leg,0.02
beef,eat,0.35
beef,fat,0.37
beef,coat,0.06
beef,stew,0.38
beef,fur,0.04
beef,pork,0.68
beef,steak,0.52
veal,collar,0.04
veal,leg,0.1
veal,eat,0.26
veal,fat,0.51
veal,coat,0.03
veal,stew,0.37
veal,fur,0.01
veal,pork,0.64
veal,steak,0.52
collar,leg,0.18
collar,eat,0.02
collar,fat,0.14
collar,coat,0.56
collar,stew,0.13
collar,fur,0.27
collar,pork,0.07
collar,steak,0.11
leg,eat,0.08
leg,fat,0.15
leg,coat,0.2
leg,stew,0.14
leg,fur,0.14
leg,pork,0.04
leg,steak,0.09
eat,fat,0.36
eat,coat,0.12
eat,stew,0.32
eat,fur,0.15
eat,pork,0.46
eat,steak,0.46
fat,coat,0.14
fat,stew,0.23
fat,fur,0.14
fat,pork,0.5
fat,steak,0.41
coat,stew,0.18
coat,fur,0.37
coat,pork,0.06
coat,steak,0.13
stew,fur,0.11
stew,pork,0.56
stew,steak,0.53
fur,pork,0.07
fur,steak,0.09
pork,steak,0.62
rough,smooth,0.73
rough,bumpy,0.22
rough,sea,0.18
rough,tough,0.35
rough,sandpaper,0.61
rough,jagged,0.34
rough,ready,0.22
rough,coarse,0.43
rough,uneven,0.29
rough,riders,0.22
rough,rugged,0.24
rough,sand,0.24
rough,boards,0.39
rough,ground,0.21
rough,gravel,0.27
smooth,bumpy,0.21
smooth,sea,0.12
smooth,tough,0.37
smooth,sandpaper,0.57
smooth,jagged,0.29
smooth,ready,0.12
smooth,coarse,0.46
smooth,uneven,0.4
smooth,riders,0.07
smooth,rugged,0.12
smooth,sand,0.32
smooth,boards,0.31
smooth,ground,0.16
smooth,gravel,0.33
bumpy,sea,0.01
bumpy,tough,0.16
bumpy,sandpaper,0.2
bumpy,jagged,0.02
bumpy,ready,0.23
bumpy,coarse,0.02
bumpy,uneven,-0.03
bumpy,riders,0.23
bumpy,rugged,0.02
bumpy,sand,0.05
bumpy,boards,0.12
bumpy,ground,0.17
bumpy,gravel,0.04
sea,tough,0.1
sea,sandpaper,0.01
sea,jagged,0.34
sea,ready,0.11
sea,coarse,0.15
sea,uneven,0.25
sea,riders,0.02
sea,rugged,0.3
sea,sand,0.32
sea,boards,0.08
sea,ground,0.11
sea,gravel,0.24
tough,sandpaper,0.18
tough,jagged,0.12
tough,ready,0.28
tough,coarse,0.23
tough,uneven,0.16
tough,riders,0.15
tough,rugged,0.18
tough,sand,0.16
tough,boards,0.15
tough,ground,0.23
tough,gravel,0.21
sandpaper,jagged,0.17
sandpaper,ready,0.09
sandpaper,coarse,0.42
sandpaper,uneven,0.21
sandpaper,riders,0.03
sandpaper,rugged,0.02
sandpaper,sand,0.25
sandpaper,boards,0.29
sandpaper,ground,0.08
sandpaper,gravel,0.23
jagged,ready,0.11
jagged,coarse,0.28
jagged,uneven,0.25
jagged,riders,0.09
jagged,rugged,0.53
jagged,sand,0.42
jagged,boards,0.14
jagged,ground,0.24
jagged,gravel,0.42
ready,coarse,0.15
ready,uneven,0.11
ready,riders,0.19
ready,rugged,0.08
ready,sand,0.1
ready,boards,0.23
ready,ground,0.28
ready,gravel,0.1
coarse,uneven,0.29
coarse,riders,0.04
coarse,rugged,0.05
coarse,sand,0.43
coarse,boards,0.26
coarse,ground,0.2
coarse,gravel,0.41
uneven,riders,-0.03
uneven,rugged,0.18
uneven,sand,0.15
uneven,boards,0.23
uneven,ground,0.15
uneven,gravel,0.27
riders,rugged,0.22
riders,sand,0.08
riders,boards,0.03
riders,ground,0.16
riders,gravel,0.1
rugged,sand,0.07
rugged,boards,0.03
rugged,ground,0.05
rugged,gravel,0.17
sand,boards,0.13
sand,ground,0.2
sand,gravel,0.73
boards,ground,0.25
boards,gravel,0.23
ground,gravel,0.27
carpet,rug,0.56
carpet,floor,0.57
carpet,soft,0.34
carpet,red,0.24
carpet,sweeper,0.14
carpet,tack,0.22
carpet,walk,0.23
carpet,bag,0.17
carpet,room,0.56
carpet,blue,0.29
carpet,chair,0.49
carpet,thick,0.35
carpet,deep,0.29
carpet,magic,0.34
carpet,wool,0.21
rug,floor,0.43
rug,soft,0.22
rug,red,0.14
rug,sweeper,0.07
rug,tack,0.18
rug,walk,0.19
rug,bag,0.28
rug,room,0.44
rug,blue,0.15
rug,chair,0.43
rug,thick,0.19
rug,deep,0.07
rug,magic,0.21
rug,wool,0.36
floor,soft,0.21
floor,red,0.14
floor,sweeper,0.17
floor,tack,0.31
floor,walk,0.23
floor,bag,0.19
floor,room,0.59
floor,blue,0.15
floor,chair,0.5
floor,thick,0.28
floor,deep,0.36
floor,magic,0.18
floor,wool,0.07
soft,red,0.2
soft,sweeper,0.03
soft,tack,0.11
soft,walk,0.28
soft,bag,0.21
soft,room,0.22
soft,blue,0.29
soft,chair,0.23
soft,thick,0.53
soft,deep,0.42
soft,magic,0.25
soft,wool,0.23
red,sweeper,0.08
red,tack,0.1
red,walk,0.19
red,bag,0.19
red,room,0.13
red,blue,0.69
red,chair,0.17
red,thick,0.23
red,deep,0.22
red,magic,0.22
red,wool,0.12
sweeper,tack,-0.05
sweeper,walk,0.1
sweeper,bag,-0.04
sweeper,room,0.27
sweeper,blue,0.15
sweeper,chair,0.17
sweeper,thick,0.07
sweeper,deep,0.03
sweeper,magic,0.06
sweeper,wool,-0.04
tack,walk,0.12
tack,bag,0.31
tack,room,0.26
tack,blue,0.02
tack,chair,0.24
tack,thick,0.09
tack,deep,0.1
tack,magic,0.08
tack,wool,0.09
walk,bag,0.3
walk,room,0.24
walk,blue,0.23
walk,chair,0.23
walk,thick,0.21
walk,deep,0.31
walk,magic,0.19
walk,wool,0.09
bag,room,0.23
bag,blue,0.2
bag,chair,0.3
bag,thick,0.21
bag,deep,0.19
bag,magic,0.28
bag,wool,0.2
room,blue,0.17
room,chair,0.75
room,thick,0.14
room,deep,0.16
room,magic,0.19
room,wool,0.07
blue,chair,0.21
blue,thick,0.3
blue,deep,0.32
blue,magic,0.31
blue,wool,0.13
chair,thick,0.13
chair,deep,0.16
chair,magic,0.19
chair,wool,0.08
thick,deep,0.55
thick,magic,0.17
thick,wool,0.14
deep,magic,0.24
deep,wool,0.04
magic,wool,0.07
justice,peace,0.31
justice,law,0.49
justice,courts,0.79
justice,judge,0.81
justice,right,0.16
justice,liberty,0.28
justice,government,0.19
justice,jury,0.71
justice,truth,0.27
justice,blind,0.04
justice,fair,0.28
justice,supreme,0.85
justice,crime,0.56
justice,department,0.15
justice,trial,0.67
peace,law,0.16
peace,courts,0.1
peace,judge,0.15
peace,right,0.14
peace,liberty,0.29
peace,government,0.26
peace,jury,0.11
peace,truth,0.17
peace,blind,0.12
peace,fair,0.23
peace,supreme,0.14
peace,crime,0.13
peace,department,0.09
peace,trial,0.15
law,courts,0.67
law,judge,0.45
law,right,0.19
law,liberty,0.23
law,government,0.26
law,jury,0.49
law,truth,0.21
law,blind,0.03
law,fair,0.36
law,supreme,0.42
law,crime,0.47
law,department,0.11
law,trial,0.38
courts,judge,0.73
courts,right,0.14
courts,liberty,0.17
courts,government,0.25
courts,jury,0.65
courts,truth,0.11
courts,blind,0.02
courts,fair,0.27
courts,supreme,0.84
courts,crime,0.44
courts,department,0.1
courts,trial,0.59
judge,right,0.19
judge,liberty,0.12
judge,government,0.09
judge,jury,0.82
judge,truth,0.32
judge,blind,0.13
judge,fair,0.35
judge,supreme,0.65
judge,crime,0.65
judge,department,0.12
judge,trial,0.77
right,liberty,0.35
right,government,0.16
right,jury,0.18
right,truth,0.3
right,blind,0.24
right,fair,0.37
right,supreme,0.13
right,crime,0.13
right,department,0.12
right,trial,0.17
liberty,government,0.43
liberty,jury,0.28
liberty,truth,0.27
liberty,blind,0.09
liberty,fair,0.32
liberty,supreme,0.2
liberty,crime,0.2
liberty,department,0.0
liberty,trial,0.22
government,jury,0.14
government,truth,0.12
government,blind,0.06
government,fair,0.23
government,supreme,0.22
government,crime,0.15
government,department,0.21
government,trial,0.15
jury,truth,0.21
jury,blind,0.02
jury,fair,0.32
jury,supreme,0.52
jury,crime,0.84
jury,department,0.09
jury,trial,0.85
truth,blind,0.23
truth,fair,0.35
truth,supreme,0.09
truth,crime,0.26
truth,department,0.09
truth,trial,0.23
blind,fair,0.17
blind,supreme,0.01
blind,crime,0.03
blind,department,0.11
blind,trial,0.09
fair,supreme,0.16
fair,crime,0.29
fair,department,0.09
fair,trial,0.26
supreme,crime,0.29
supreme,department,0.08
supreme,trial,0.52
crime,department,0.18
crime,trial,0.73
department,trial,0.12
bitter,sweet,0.37
bitter,sour,0.37
bitter,taste,0.38
bitter,chocolate,0.19
bitter,rice,0.11
bitter,cold,0.38
bitter,lemon,0.3
bitter,angry,0.25
bitter,hard,0.28
bitter,mad,0.18
bitter,acid,0.21
bitter,almonds,0.26
bitter,herbs,0.18
bitter,grape,0.08
bitter,fruit,0.2
sweet,sour,0.45
sweet,taste,0.54
sweet,chocolate,0.43
sweet,rice,0.37
sweet,cold,0.18
sweet,lemon,0.35
sweet,angry,0.19
sweet,hard,0.26
sweet,mad,0.21
sweet,acid,0.06
sweet,almonds,0.44
sweet,herbs,0.47
sweet,grape,0.17
sweet,fruit,0.57
sour,taste,0.63
sour,chocolate,0.39
sour,rice,0.18
sour,cold,0.15
sour,lemon,0.7
sour,angry,0.08
sour,hard,0.16
sour,mad,0.16
sour,acid,0.62
sour,almonds,0.33
sour,herbs,0.26
sour,grape,0.13
sour,fruit,0.32
taste,chocolate,0.38
taste,rice,0.14
taste,cold,0.17
taste,lemon,0.42
taste,angry,0.08
taste,hard,0.14
taste,mad,0.12
taste,acid,0.24
taste,almonds,0.52
taste,herbs,0.18
taste,grape,0.09
taste,fruit,0.28
chocolate,rice,0.32
chocolate,cold,0.21
chocolate,lemon,0.41
chocolate,angry,0.02
chocolate,hard,0.15
chocolate,mad,0.16
chocolate,acid,0.01
chocolate,almonds,0.21
chocolate,herbs,0.25
chocolate,grape,0.24
chocolate,fruit,0.48
rice,cold,0.09
rice,lemon,0.19
rice,angry,0.1
rice,hard,0.15
rice,mad,0.05
rice,acid,0.01
rice,almonds,0.08
rice,herbs,0.26
rice,grape,0.13
rice,fruit,0.5
cold,lemon,0.16
cold,angry,0.1
cold,hard,0.25
cold,mad,0.14
cold,acid,0.02
cold,almonds,0.05
cold,herbs,0.17
cold,grape,0.06
cold,fruit,0.11
lemon,angry,0.05
lemon,hard,0.17
lemon,mad,0.17
lemon,acid,0.66
lemon,almonds,0.22
lemon,herbs,0.29
lemon,grape,0.24
lemon,fruit,0.34
angry,hard,0.37
angry,mad,0.34
angry,acid,-0.0
angry,almonds,0.08
angry,herbs,0.07
angry,grape,0.08
angry,fruit,0.05
hard,mad,0.33
hard,acid,0.06
hard,almonds,0.07
hard,herbs,0.13
hard,grape,0.14
hard,fruit,0.17
mad,acid,0.02
mad,almonds,0.08
mad,herbs,0.11
mad,grape,0.17
mad,fruit,0.08
acid,almonds,0.07
acid,herbs,0.06
acid,grape,0.03
acid,fruit,0.02
almonds,herbs,0.23
almonds,grape,0.08
almonds,fruit,0.21
herbs,grape,0.22
herbs,fruit,0.45
grape,fruit,0.21
long,short,0.66
long,fellow,0.4
long,narrow,0.46
long,John,0.11
long,time,0.72
long,far,0.59
long,hair,0.3
long,island,0.24
long,road,0.25
long,thin,0.43
long,underwear,0.2
long,distance,0.35
long,line,0.18
long,low,0.31
long,rope,0.31
short,fellow,0.32
short,narrow,0.32
short,John,0.05
short,time,0.53
short,far,0.4
short,hair,0.3
short,island,0.11
short,road,0.17
short,thin,0.31
short,underwear,0.15
short,distance,0.27
short,line,0.18
short,low,0.31
short,rope,0.22
fellow,narrow,0.26
fellow,John,0.18
fellow,time,0.46
fellow,far,0.34
fellow,hair,0.15
fellow,island,0.07
fellow,road,0.23
fellow,thin,0.23
fellow,underwear,0.09
fellow,distance,0.11
fellow,line,0.1
fellow,low,0.12
fellow,rope,0.2
narrow,John,0.08
narrow,time,0.32
narrow,far,0.5
narrow,hair,0.15
narrow,island,0.17
narrow,road,0.39
narrow,thin,0.38
narrow,underwear,0.13
narrow,distance,0.28
narrow,line,0.16
narrow,low,0.34
narrow,rope,0.2
John,time,0.19
John,far,0.11
John,hair,0.06
John,island,0.07
John,road,0.1
John,thin,0.07
John,underwear,0.09
John,distance,0.05
John,line,0.03
John,low,0.05
John,rope,0.1
time,far,0.53
time,hair,0.2
time,island,0.14
time,road,0.24
time,thin,0.27
time,underwear,0.22
time,distance,0.29
time,line,0.2
time,low,0.3
time,rope,0.28
far,hair,0.09
far,island,0.24
far,road,0.34
far,thin,0.26
far,underwear,0.09
far,distance,0.41
far,line,0.14
far,low,0.28
far,rope,0.24
hair,island,0.03
hair,road,0.04
hair,thin,0.3
hair,underwear,0.18
hair,distance,0.06
hair,line,0.04
hair,low,0.04
hair,rope,0.03
island,road,0.04
island,thin,0.04
island,underwear,-0.05
island,distance,0.11
island,line,0.06
island,low,0.15
island,rope,0.05
road,thin,0.16
road,underwear,0.05
road,distance,0.24
road,line,0.08
road,low,0.18
road,rope,0.13
thin,underwear,0.22
thin,distance,0.16
thin,line,0.16
thin,low,0.23
thin,rope,0.09
underwear,distance,0.04
underwear,line,0.06
underwear,low,0.02
underwear,rope,0.17
distance,line,0.25
distance,low,0.11
distance,rope,0.22
line,low,0.09
line,rope,0.12
low,rope,0.16
citizen,United States,0.37
citizen,man,0.18
citizen,person,0.24
citizen,American,0.34
citizen,country,0.29
citizen,alien,0.26
citizen,people,0.35
citizen,vote,0.48
citizen,me,0.05
citizen,patriot,0.12
citizen,flag,0.18
citizen,foreigner,0.1
citizen,France,0.11
citizen,immigrant,0.13
citizen,member,0.29
United States,man,0.07
United States,person,0.12
United States,American,0.47
United States,country,0.45
United States,alien,0.18
United States,people,0.33
United States,vote,0.27
United States,me,0.02
United States,patriot,0.07
United States,flag,0.35
United States,foreigner,0.05
United States,France,0.18
United States,immigrant,0.26
United States,member,0.22
man,person,0.08
man,American,0.1
man,country,0.17
man,alien,0.12
man,people,0.21
man,vote,0.04
man,me,0.3
man,patriot,0.16
man,flag,0.14
man,foreigner,0.18
man,France,0.06
man,immigrant,0.08
man,member,0.13
person,American,0.08
person,country,0.08
person,alien,0.11
person,people,0.41
person,vote,0.12
person,me,0.08
person,patriot,0.02
person,flag,0.04
person,foreigner,0.07
person,France,0.02
person,immigrant,0.04
person,member,0.26
American,country,0.33
American,alien,0.23
American,people,0.25
American,vote,0.17
American,me,0.03
American,patriot,0.33
American,flag,0.3
American,foreigner,0.16
American,France,0.18
American,immigrant,0.48
American,member,0.15
country,alien,0.12
country,people,0.48
country,vote,0.16
country,me,0.11
country,patriot,0.2
country,flag,0.35
country,foreigner,0.24
country,France,0.22
country,immigrant,0.28
country,member,0.23
alien,people,0.16
alien,vote,0.08
alien,me,0.14
alien,patriot,0.0
alien,flag,0.08
alien,foreigner,0.16
alien,France,0.11
alien,immigrant,0.2
alien,member,0.09
people,vote,0.19
people,me,0.15
people,patriot,0.08
people,flag,0.22
people,foreigner,0.15
people,France,0.15
people,immigrant,0.22
people,member,0.26
vote,me,0.02
vote,patriot,-0.01
vote,flag,0.1
vote,foreigner,0.02
vote,France,0.08
vote,immigrant,0.07
vote,member,0.36
me,patriot,0.07
me,flag,0.1
me,foreigner,0.21
me,France,0.02
me,immigrant,0.03
me,member,0.06
patriot,flag,0.23
patriot,foreigner,0.15
patriot,France,0.1
patriot,immigrant,0.11
patriot,member,0.08
flag,foreigner,0.13
flag,France,0.24
flag,immigrant,0.06
flag,member,0.16
foreigner,France,0.09
foreigner,immigrant,0.17
foreigner,member,0.11
France,immigrant,0.04
France,member,0.1
immigrant,member,0.08
butterfly,moth,0.69
butterfly,insect,0.68
butterfly,wing,0.15
butterfly,bird,0.13
butterfly,fly,0.27
butterfly,yellow,0.13
butterfly,net,0.02
butterfly,flower,0.23
butterfly,bug,0.35
butterfly,cocoon,0.86
butterfly,summer,0.1
butterfly,color,0.04
butterfly,bee,0.37
butterfly,stomach,0.02
butterfly,worm,0.18
moth,insect,0.66
moth,wing,0.19
moth,bird,0.19
moth,fly,0.27
moth,yellow,0.27
moth,net,0.02
moth,flower,0.46
moth,bug,0.3
moth,cocoon,0.73
moth,summer,0.16
moth,color,0.16
moth,bee,0.48
moth,stomach,-0.0
moth,worm,0.15
insect,wing,0.14
insect,bird,0.08
insect,fly,0.26
insect,yellow,0.09
insect,net,0.06
insect,flower,0.4
insect,bug,0.35
insect,cocoon,0.65
insect,summer,0.09
insect,color,0.03
insect,bee,0.63
insect,stomach,0.03
insect,worm,0.25
wing,bird,0.62
wing,fly,0.74
wing,yellow,0.09
wing,net,0.03
wing,flower,0.15
wing,bug,0.17
wing,cocoon,0.06
wing,summer,0.12
wing,color,0.02
wing,bee,0.09
wing,stomach,0.05
wing,worm,0.06
bird,fly,0.7
bird,yellow,0.11
bird,net,0.04
bird,flower,0.16
bird,bug,0.2
bird,cocoon,-0.01
bird,summer,0.12
bird,color,0.02
bird,bee,0.09
bird,stomach,0.04
bird,worm,0.09
fly,yellow,0.11
fly,net,0.05
fly,flower,0.16
fly,bug,0.26
fly,cocoon,0.15
fly,summer,0.16
fly,color,0.01
fly,bee,0.21
fly,stomach,0.02
fly,worm,0.12
yellow,net,0.04
yellow,flower,0.27
yellow,bug,0.25
yellow,cocoon,0.11
yellow,summer,0.24
yellow,color,0.63
yellow,bee,0.17
yellow,stomach,0.07
yellow,worm,0.1
net,flower,0.06
net,bug,0.07
net,cocoon,0.01
net,summer,0.02
net,color,0.0
net,bee,0.05
net,stomach,0.01
net,worm,0.05
flower,bug,0.19
flower,cocoon,0.18
flower,summer,0.16
flower,color,0.13
flower,bee,0.7
flower,stomach,0.03
flower,worm,0.07
bug,cocoon,0.3
bug,summer,0.13
bug,color,0.13
bug,bee,0.31
bug,stomach,0.04
bug,worm,0.19
cocoon,summer,0.08
cocoon,color,0.05
cocoon,bee,0.33
cocoon,stomach,-0.01
cocoon,worm,0.16
summer,color,0.09
summer,bee,0.06
summer,stomach,0.04
summer,worm,0.06
color,bee,0.04
color,stomach,0.02
color,worm,-0.0
bee,stomach,0.02
bee,worm,0.15
stomach,worm,0.31
pen,pencil,0.42
pen,write,0.43
pen,fountain,0.29
pen,leak,0.05
pen,quill,0.47
pen,felt,0.18
pen,Bic,0.11
pen,scribble,0.28
pen,crayon,0.22
pen,Cross,0.07
pen,tip,0.13
pen,marker,0.2
pen,ink,0.34
pen,cap,0.12
pen,letter,0.4
pencil,write,0.28
pencil,fountain,0.27
pencil,leak,0.01
pencil,quill,0.31
pencil,felt,0.11
pencil,Bic,0.08
pencil,scribble,0.41
pencil,crayon,0.6
pencil,Cross,0.1
pencil,tip,0.19
pencil,marker,0.34
pencil,ink,0.58
pencil,cap,0.05
pencil,letter,0.16
write,fountain,0.16
write,leak,-0.01
write,quill,0.4
write,felt,0.08
write,Bic,0.01
write,scribble,0.29
write,crayon,0.09
write,Cross,0.1
write,tip,0.04
write,marker,0.08
write,ink,0.17
write,cap,-0.01
write,letter,0.42
fountain,leak,0.14
fountain,quill,0.26
fountain,felt,0.22
fountain,Bic,0.05
fountain,scribble,0.17
fountain,crayon,0.21
fountain,Cross,0.14
fountain,tip,0.18
fountain,marker,0.11
fountain,ink,0.29
fountain,cap,0.27
fountain,letter,0.13
leak,quill,0.02
leak,felt,0.1
leak,Bic,0.0
leak,scribble,-0.04
leak,crayon,0.04
leak,Cross,0.13
leak,tip,0.15
leak,marker,0.1
leak,ink,0.03
leak,cap,0.37
leak,letter,0.02
quill,felt,0.16
quill,Bic,0.1
quill,scribble,0.25
quill,crayon,0.18
quill,Cross,0.05
quill,tip,0.14
quill,marker,0.14
quill,ink,0.35
quill,cap,0.18
quill,letter,0.31
felt,Bic,0.19
felt,scribble,0.16
felt,crayon,0.17
felt,Cross,0.18
felt,tip,0.19
felt,marker,0.03
felt,ink,0.08
felt,cap,0.25
felt,letter,0.1
Bic,scribble,0.01
Bic,crayon,0.07
Bic,Cross,0.1
Bic,tip,0.07
Bic,marker,0.0
Bic,ink,0.03
Bic,cap,0.02
Bic,letter,-0.01
scribble,crayon,0.32
scribble,Cross,0.06
scribble,tip,0.08
scribble,marker,0.16
scribble,ink,0.25
scribble,cap,0.12
scribble,letter,0.09
crayon,Cross,0.11
crayon,tip,0.12
crayon,marker,0.25
crayon,ink,0.51
crayon,cap,0.02
crayon,letter,0.12
Cross,tip,0.21
Cross,marker,0.17
Cross,ink,0.07
Cross,cap,0.21
Cross,letter,0.12
tip,marker,0.19
tip,ink,0.12
tip,cap,0.37
tip,letter,0.04
marker,ink,0.2
marker,cap,0.16
marker,letter,0.1
ink,cap,0.05
ink,letter,0.26
cap,letter,0.0
lamp,light,0.61
lamp,shade,0.18
lamp,table,0.2
lamp,bulb,0.72
lamp,post,0.08
lamp,black,0.13
lamp,cord,0.06
lamp,desk,0.15
lamp,bright,0.33
lamp,lighter,0.13
lamp,read,0.08
lamp,on,0.28
lamp,bed,0.29
lamp,burn,0.12
lamp,stand,0.2
light,shade,0.23
light,table,0.08
light,bulb,0.49
light,post,0.05
light,black,0.17
light,cord,0.03
light,desk,0.08
light,bright,0.5
light,lighter,0.25
light,read,0.06
light,on,0.27
light,bed,0.15
light,burn,0.15
light,stand,0.15
shade,table,0.1
shade,bulb,0.03
shade,post,0.14
shade,black,0.24
shade,cord,0.08
shade,desk,0.15
shade,bright,0.48
shade,lighter,0.25
shade,read,0.09
shade,on,0.4
shade,bed,0.17
shade,burn,0.14
shade,stand,0.33
table,bulb,0.04
table,post,0.1
table,black,0.08
table,cord,0.02
table,desk,0.22
table,bright,0.14
table,lighter,0.11
table,read,0.1
table,on,0.3
table,bed,0.22
table,burn,0.04
table,stand,0.2
bulb,post,0.0
bulb,black,0.02
bulb,cord,0.05
bulb,desk,0.02
bulb,bright,0.21
bulb,lighter,0.11
bulb,read,0.03
bulb,on,0.09
bulb,bed,-0.02
bulb,burn,0.14
bulb,stand,0.04
post,black,0.14
post,cord,0.04
post,desk,0.2
post,bright,0.11
post,lighter,0.07
post,read,0.11
post,on,0.35
post,bed,0.03
post,burn,-0.02
post,stand,0.2
black,cord,0.04
black,desk,0.08
black,bright,0.29
black,lighter,0.2
black,read,0.08
black,on,0.32
black,bed,0.1
black,burn,0.11
black,stand,0.18
cord,desk,0.0
cord,bright,0.04
cord,lighter,0.06
cord,read,0.02
cord,on,0.09
cord,bed,0.02
cord,burn,0.04
cord,stand,0.03
desk,bright,0.17
desk,lighter,0.07
desk,read,0.17
desk,on,0.35
desk,bed,0.18
desk,burn,0.02
desk,stand,0.26
bright,lighter,0.28
bright,read,0.13
bright,on,0.46
bright,bed,0.12
bright,burn,0.14
bright,stand,0.33
lighter,read,0.02
lighter,on,0.31
lighter,bed,0.08
lighter,burn,0.29
lighter,stand,0.23
read,on,0.31
read,bed,0.1
read,burn,0.04
read,stand,0.18
on,bed,0.33
on,burn,0.23
on,stand,0.58
bed,burn,0.08
bed,stand,0.2
burn,stand,0.14
foot,shoe,0.38
foot,hand,0.36
foot,toe,0.67
foot,kick,0.43
foot,sandals,0.29
foot,soccer,0.16
foot,yard,0.41
foot,step,0.31
foot,ankle,0.54
foot,arm,0.43
foot,boot,0.41
foot,inch,0.39
foot,sock,0.22
foot,knee,0.5
foot,mouth,0.21
shoe,hand,0.24
shoe,toe,0.44
shoe,kick,0.16
shoe,sandals,0.41
shoe,soccer,0.05
shoe,yard,0.28
shoe,step,0.22
shoe,ankle,0.22
shoe,arm,0.22
shoe,boot,0.3
shoe,inch,0.16
shoe,sock,0.34
shoe,knee,0.35
shoe,mouth,0.13
hand,toe,0.36
hand,kick,0.22
hand,sandals,0.21
hand,soccer,0.04
hand,yard,0.21
hand,step,0.31
hand,ankle,0.36
hand,arm,0.61
hand,boot,0.38
hand,inch,0.14
hand,sock,0.22
hand,knee,0.48
hand,mouth,0.33
toe,kick,0.39
toe,sandals,0.39
toe,soccer,0.12
toe,yard,0.32
toe,step,0.24
toe,ankle,0.54
toe,arm,0.39
toe,boot,0.41
toe,inch,0.28
toe,sock,0.31
toe,knee,0.55
toe,mouth,0.25
kick,sandals,0.15
kick,soccer,0.65
kick,yard,0.38
kick,step,0.13
kick,ankle,0.31
kick,arm,0.29
kick,boot,0.14
kick,inch,0.11
kick,sock,0.26
kick,knee,0.3
kick,mouth,0.14
sandals,soccer,-0.01
sandals,yard,0.26
sandals,step,0.19
sandals,ankle,0.26
sandals,arm,0.19
sandals,boot,0.27
sandals,inch,0.08
sandals,sock,0.44
sandals,knee,0.33
sandals,mouth,0.17
soccer,yard,0.23
soccer,step,0.08
soccer,ankle,0.05
soccer,arm,0.07
soccer,boot,0.04
soccer,inch,0.04
soccer,sock,0.05
soccer,knee,0.07
soccer,mouth,0.02
yard,step,0.15
yard,ankle,0.18
yard,arm,0.23
yard,boot,0.27
yard,inch,0.18
yard,sock,0.3
yard,knee,0.27
yard,mouth,0.15
step,ankle,0.15
step,arm,0.2
step,boot,0.21
step,inch,0.08
step,sock,0.09
step,knee,0.26
step,mouth,0.16
ankle,arm,0.69
ankle,boot,0.31
ankle,inch,0.17
ankle,sock,0.14
ankle,knee,0.71
ankle,mouth,0.1
arm,boot,0.31
arm,inch,0.13
arm,sock,0.13
arm,knee,0.69
arm,mouth,0.22
boot,inch,0.09
boot,sock,0.2
boot,knee,0.37
boot,mouth,0.24
inch,sock,0.07
inch,knee,0.12
inch,mouth,0.09
sock,knee,0.28
sock,mouth,0.17
knee,mouth,0.22
wish,want,0.53
wish,dream,0.39
wish,desire,0.45
wish,hope,0.59
wish,well,0.57
wish,think,0.53
wish,star,0.06
wish,bone,0.04
wish,ring,0.21
wish,wash,0.17
wish,thought,0.41
wish,get,0.41
wish,true,0.4
wish,for,0.53
wish,money,0.24
want,dream,0.2
want,desire,0.37
want,hope,0.37
want,well,0.4
want,think,0.51
want,star,0.05
want,bone,0.02
want,ring,0.22
want,wash,0.23
want,thought,0.34
want,get,0.58
want,true,0.22
want,for,0.46
want,money,0.25
dream,desire,0.32
dream,hope,0.48
dream,well,0.31
dream,think,0.33
dream,star,0.03
dream,bone,0.05
dream,ring,0.12
dream,wash,0.07
dream,thought,0.48
dream,get,0.24
dream,true,0.34
dream,for,0.38
dream,money,0.15
desire,hope,0.47
desire,well,0.46
desire,think,0.24
desire,star,0.06
desire,bone,0.01
desire,ring,0.15
desire,wash,0.1
desire,thought,0.24
desire,get,0.21
desire,true,0.44
desire,for,0.54
desire,money,0.18
hope,well,0.61
hope,think,0.47
hope,star,0.07
hope,bone,0.03
hope,ring,0.24
hope,wash,0.15
hope,thought,0.56
hope,get,0.46
hope,true,0.43
hope,for,0.59
hope,money,0.2
well,think,0.59
well,star,0.09
well,bone,0.1
well,ring,0.28
well,wash,0.33
well,thought,0.52
well,get,0.58
well,true,0.48
well,for,0.77
well,money,0.23
think,star,0.12
think,bone,0.08
think,ring,0.15
think,wash,0.21
think,thought,0.53
think,get,0.56
think,true,0.39
think,for,0.51
think,money,0.15
star,bone,0.0
star,ring,0.06
star,wash,0.02
star,thought,0.1
star,get,0.08
star,true,0.1
star,for,0.12
star,money,0.02
bone,ring,0.09
bone,wash,0.07
bone,thought,0.03
bone,get,0.05
bone,true,0.04
bone,for,0.11
bone,money,0.02
ring,wash,0.15
ring,thought,0.29
ring,get,0.29
ring,true,0.19
ring,for,0.33
ring,money,0.06
wash,thought,0.2
wash,get,0.37
wash,true,0.06
wash,for,0.34
wash,money,0.09
thought,get,0.47
thought,true,0.36
thought,for,0.54
thought,money,0.19
get,true,0.25
get,for,0.58
get,money,0.28
true,for,0.56
true,money,0.15
for,money,0.37
smoke,cigarette,0.85
smoke,puff,0.33
smoke,blaze,0.36
smoke,billows,0.27
smoke,pollution,0.3
smoke,ashes,0.51
smoke,cigar,0.24
smoke,chimney,0.51
smoke,cough,0.26
smoke,tobacco,0.7
smoke,stink,0.07
smoke,match,0.27
smoke,lungs,0.31
smoke,flames,0.54
smoke,stain,-0.02
cigarette,puff,0.27
cigarette,blaze,0.1
cigarette,billows,0.17
cigarette,pollution,0.12
cigarette,ashes,0.23
cigarette,cigar,0.26
cigarette,chimney,0.26
cigarette,cough,0.3
cigarette,tobacco,0.81
cigarette,stink,0.03
cigarette,match,0.14
cigarette,lungs,0.33
cigarette,flames,0.21
cigarette,stain,-0.04
puff,blaze,0.22
puff,billows,0.14
puff,pollution,0.04
puff,ashes,0.19
puff,cigar,0.2
puff,chimney,0.27
puff,cough,0.12
puff,tobacco,0.19
puff,stink,0.14
puff,match,0.18
puff,lungs,0.1
puff,flames,0.26
puff,stain,0.06
blaze,billows,0.19
blaze,pollution,0.01
blaze,ashes,0.5
blaze,cigar,0.18
blaze,chimney,0.51
blaze,cough,0.02
blaze,tobacco,0.09
blaze,stink,0.15
blaze,match,0.38
blaze,lungs,0.01
blaze,flames,0.67
blaze,stain,0.11
billows,pollution,-0.0
billows,ashes,0.1
billows,cigar,0.07
billows,chimney,0.18
billows,cough,0.01
billows,tobacco,0.16
billows,stink,0.13
billows,match,0.14
billows,lungs,0.03
billows,flames,0.29
billows,stain,0.04
pollution,ashes,0.13
pollution,cigar,-0.01
pollution,chimney,0.04
pollution,cough,0.09
pollution,tobacco,0.07
pollution,stink,0.01
pollution,match,0.01
pollution,lungs,0.14
pollution,flames,0.02
pollution,stain,-0.03
ashes,cigar,0.14
ashes,chimney,0.45
ashes,cough,0.01
ashes,tobacco,0.19
ashes,stink,0.07
ashes,match,0.29
ashes,lungs,0.1
ashes,flames,0.62
ashes,stain,0.09
cigar,chimney,0.18
cigar,cough,0.14
cigar,tobacco,0.25
cigar,stink,0.14
cigar,match,0.25
cigar,lungs,0.1
cigar,flames,0.12
cigar,stain,0.13
chimney,cough,0.1
chimney,tobacco,0.22
chimney,stink,0.12
chimney,match,0.32
chimney,lungs,0.08
chimney,flames,0.6
chimney,stain,0.15
cough,tobacco,0.37
cough,stink,0.03
cough,match,0.07
cough,lungs,0.3
cough,flames,0.04
cough,stain,0.09
tobacco,stink,0.01
tobacco,match,0.1
tobacco,lungs,0.27
tobacco,flames,0.17
tobacco,stain,-0.01
stink,match,0.19
stink,lungs,-0.02
stink,flames,0.14
stink,stain,0.08
match,lungs,0.03
match,flames,0.45
match,stain,0.17
lungs,flames,0.02
lungs,stain,-0.01
flames,stain,0.11
needle,thread,0.14
needle,pin,0.36
needle,eye,0.05
needle,sewing,0.07
needle,hole,0.08
needle,point,0.2
needle,prick,0.11
needle,thimble,0.08
needle,haystack,0.06
needle,thorn,0.09
needle,hurt,0.05
needle,injection,0.13
needle,syringe,0.17
needle,cloth,0.04
needle,knitting,0.05
thread,pin,0.37
thread,eye,0.1
thread,sewing,0.43
thread,hole,0.42
thread,point,0.1
thread,prick,0.26
thread,thimble,0.19
thread,haystack,0.09
thread,thorn,0.17
thread,hurt,0.13
thread,injection,-0.0
thread,syringe,0.18
thread,cloth,0.67
thread,knitting,0.27
pin,eye,0.13
pin,sewing,0.16
pin,hole,0.42
pin,point,0.18
pin,prick,0.27
pin,thimble,0.28
pin,haystack,0.09
pin,thorn,0.1
pin,hurt,0.15
pin,injection,0.28
pin,syringe,0.19
pin,cloth,0.15
pin,knitting,0.18
eye,sewing,0.15
eye,hole,0.18
eye,point,0.21
eye,prick,0.16
eye,thimble,0.07
eye,haystack,0.0
eye,thorn,0.15
eye,hurt,0.19
eye,injection,0.02
eye,syringe,0.05
eye,cloth,0.03
eye,knitting,0.17
sewing,hole,0.17
sewing,point,0.05
sewing,prick,0.13
sewing,thimble,0.06
sewing,haystack,0.1
sewing,thorn,0.11
sewing,hurt,0.18
sewing,injection,-0.01
sewing,syringe,0.07
sewing,cloth,0.43
sewing,knitting,0.46
hole,point,0.07
hole,prick,0.33
hole,thimble,0.13
hole,haystack,0.28
hole,thorn,0.31
hole,hurt,0.24
hole,injection,0.08
hole,syringe,0.22
hole,cloth,0.14
hole,knitting,0.13
point,prick,0.12
point,thimble,0.15
point,haystack,0.01
point,thorn,0.02
point,hurt,0.08
point,injection,0.06
point,syringe,0.03
point,cloth,0.11
point,knitting,0.05
prick,thimble,0.13
prick,haystack,0.07
prick,thorn,0.05
prick,hurt,0.07
prick,injection,-0.01
prick,syringe,0.07
prick,cloth,0.08
prick,knitting,0.17
thimble,haystack,-0.01
thimble,thorn,0.02
thimble,hurt,0.07
thimble,injection,0.03
thimble,syringe,0.11
thimble,cloth,0.13
thimble,knitting,0.16
haystack,thorn,0.16
haystack,hurt,0.16
haystack,injection,0.0
haystack,syringe,0.02
haystack,cloth,0.08
haystack,knitting,0.08
thorn,hurt,0.22
thorn,injection,0.02
thorn,syringe,0.11
thorn,cloth,0.05
thorn,knitting,0.05
hurt,injection,0.02
hurt,syringe,0.02
hurt,cloth,0.09
hurt,knitting,0.19
injection,syringe,0.22
injection,cloth,0.03
injection,knitting,0.0
syringe,cloth,0.13
syringe,knitting,0.04
cloth,knitting,0.29
beautiful,ugly,0.55
beautiful,pretty,0.41
beautiful,girls,0.2
beautiful,woman,0.25
beautiful,homely,0.38
beautiful,lovely,0.79
beautiful,nice,0.44
beautiful,picture,0.14
beautiful,lady,0.43
beautiful,mountain,0.24
beautiful,snow,0.21
beautiful,scene,0.21
beautiful,music,0.22
beautiful,day,0.4
beautiful,gorgeous,0.47
ugly,pretty,0.5
ugly,girls,0.21
ugly,woman,0.25
ugly,homely,0.35
ugly,lovely,0.57
ugly,nice,0.53
ugly,picture,0.19
ugly,lady,0.41
ugly,mountain,0.11
ugly,snow,0.07
ugly,scene,0.24
ugly,music,0.06
ugly,day,0.32
ugly,gorgeous,0.32
pretty,girls,0.31
pretty,woman,0.26
pretty,homely,0.35
pretty,lovely,0.52
pretty,nice,0.77
pretty,picture,0.14
pretty,lady,0.5
pretty,mountain,0.07
pretty,snow,0.12
pretty,scene,0.17
pretty,music,0.1
pretty,day,0.42
pretty,gorgeous,0.53
girls,woman,0.07
girls,homely,0.14
girls,lovely,0.22
girls,nice,0.31
girls,picture,0.09
girls,lady,0.15
girls,mountain,0.04
girls,snow,0.08
girls,scene,0.11
girls,music,0.05
girls,day,0.22
girls,gorgeous,0.24
woman,homely,0.26
woman,lovely,0.27
woman,nice,0.23
woman,picture,0.1
woman,lady,0.42
woman,mountain,0.05
woman,snow,0.07
woman,scene,0.13
woman,music,0.05
woman,day,0.21
woman,gorgeous,0.17
homely,lovely,0.44
homely,nice,0.3
homely,picture,0.16
homely,lady,0.39
homely,mountain,0.04
homely,snow,0.11
homely,scene,0.28
homely,music,0.13
homely,day,0.28
homely,gorgeous,0.32
lovely,nice,0.53
lovely,picture,0.12
lovely,lady,0.49
lovely,mountain,0.22
lovely,snow,0.24
lovely,scene,0.24
lovely,music,0.21
lovely,day,0.44
lovely,gorgeous,0.49
nice,picture,0.16
nice,lady,0.54
nice,mountain,0.06
nice,snow,0.09
nice,scene,0.11
nice,music,0.11
nice,day,0.43
nice,gorgeous,0.43
picture,lady,0.11
picture,mountain,0.06
picture,snow,0.11
picture,scene,0.33
picture,music,0.01
picture,day,0.13
picture,gorgeous,0.15
lady,mountain,0.05
lady,snow,0.06
lady,scene,0.26
lady,music,0.13
lady,day,0.27
lady,gorgeous,0.29
mountain,snow,0.38
mountain,scene,0.09
mountain,music,0.0
mountain,day,0.15
mountain,gorgeous,0.04
snow,scene,0.11
snow,music,0.03
snow,day,0.18
snow,gorgeous,0.12
scene,music,0.25
scene,day,0.17
scene,gorgeous,0.14
music,day,0.12
music,gorgeous,0.1
day,gorgeous,0.22
cottage,house,0.42
cottage,lake,0.11
cottage,cheese,0.34
cottage,home,0.37
cottage,white,0.15
cottage,cabin,0.29
cottage,small,0.26
cottage,door,0.42
cottage,fence,0.31
cottage,vines,0.18
cottage,woods,0.23
cottage,ivy,0.16
cottage,roses,0.26
cottage,cozy,0.45
cottage,hut,0.54
house,lake,0.09
house,cheese,0.05
house,home,0.43
house,white,0.27
house,cabin,0.16
house,small,0.21
house,door,0.37
house,fence,0.4
house,vines,0.13
house,woods,0.24
house,ivy,0.26
house,roses,0.24
house,cozy,0.31
house,hut,0.24
lake,cheese,0.02
lake,home,0.08
lake,white,0.05
lake,cabin,0.22
lake,small,0.23
lake,door,0.06
lake,fence,0.09
lake,vines,0.17
lake,woods,0.3
lake,ivy,0.1
lake,roses,0.04
lake,cozy,0.12
lake,hut,0.23
cheese,home,0.13
cheese,white,0.06
cheese,cabin,0.1
cheese,small,0.12
cheese,door,0.11
cheese,fence,0.07
cheese,vines,0.08
cheese,woods,0.09
cheese,ivy,0.03
cheese,roses,0.16
cheese,cozy,0.11
cheese,hut,0.18
home,white,0.18
home,cabin,0.19
home,small,0.25
home,door,0.24
home,fence,0.29
home,vines,0.1
home,woods,0.26
home,ivy,0.22
home,roses,0.16
home,cozy,0.26
home,hut,0.26
white,cabin,0.18
white,small,0.23
white,door,0.16
white,fence,0.26
white,vines,0.15
white,woods,0.17
white,ivy,0.16
white,roses,0.28
white,cozy,0.2
white,hut,0.15
cabin,small,0.27
cabin,door,0.29
cabin,fence,0.28
cabin,vines,0.15
cabin,woods,0.48
cabin,ivy,0.11
cabin,roses,0.12
cabin,cozy,0.29
cabin,hut,0.37
small,door,0.16
small,fence,0.16
small,vines,0.24
small,woods,0.25
small,ivy,0.19
small,roses,0.17
small,cozy,0.21
small,hut,0.26
door,fence,0.26
door,vines,0.03
door,woods,0.16
door,ivy,0.09
door,roses,0.18
door,cozy,0.32
door,hut,0.16
fence,vines,0.2
fence,woods,0.39
fence,ivy,0.19
fence,roses,0.22
fence,cozy,0.15
fence,hut,0.17
vines,woods,0.41
vines,ivy,0.27
vines,roses,0.3
vines,cozy,0.09
vines,hut,0.27
woods,ivy,0.15
woods,roses,0.18
woods,cozy,0.2
woods,hut,0.28
ivy,roses,0.27
ivy,cozy,0.17
ivy,hut,0.07
roses,cozy,0.27
roses,hut,0.08
cozy,hut,0.23
whiskey,drink,0.84
whiskey,drunk,0.81
whiskey,beer,0.92
whiskey,liquor,0.93
whiskey,gin,0.48
whiskey,bottles,0.29
whiskey,alchohol,0.64
whiskey,rye,0.2
whiskey,glass,0.23
whiskey,wine,0.81
whiskey,rum,0.63
whiskey,bourbon,0.69
whiskey,evil,0.08
whiskey,bar,0.13
whiskey,scotch,0.05
drink,drunk,0.79
drink,beer,0.84
drink,liquor,0.81
drink,gin,0.41
drink,bottles,0.37
drink,alchohol,0.61
drink,rye,0.15
drink,glass,0.29
drink,wine,0.78
drink,rum,0.55
drink,bourbon,0.61
drink,evil,0.12
drink,bar,0.15
drink,scotch,0.07
drunk,beer,0.82
drunk,liquor,0.82
drunk,gin,0.4
drunk,bottles,0.24
drunk,alchohol,0.62
drunk,rye,0.17
drunk,glass,0.18
drunk,wine,0.72
drunk,rum,0.53
drunk,bourbon,0.57
drunk,evil,0.16
drunk,bar,0.12
drunk,scotch,0.07
beer,liquor,0.92
beer,gin,0.47
beer,bottles,0.32
beer,alchohol,0.61
beer,rye,0.25
beer,glass,0.26
beer,wine,0.85
beer,rum,0.61
beer,bourbon,0.69
beer,evil,0.08
beer,bar,0.14
beer,scotch,0.11
liquor,gin,0.48
liquor,bottles,0.28
liquor,alchohol,0.64
liquor,rye,0.19
liquor,glass,0.23
liquor,wine,0.78
liquor,rum,0.64
liquor,bourbon,0.67
liquor,evil,0.07
liquor,bar,0.12
liquor,scotch,0.08
gin,bottles,0.1
gin,alchohol,0.3
gin,rye,0.25
gin,glass,0.1
gin,wine,0.42
gin,rum,0.39
gin,bourbon,0.33
gin,evil,0.08
gin,bar,0.05
gin,scotch,0.18
bottles,alchohol,0.11
bottles,rye,0.09
bottles,glass,0.57
bottles,wine,0.32
bottles,rum,0.22
bottles,bourbon,0.34
bottles,evil,0.0
bottles,bar,0.26
bottles,scotch,0.13
alchohol,rye,0.07
alchohol,glass,0.1
alchohol,wine,0.51
alchohol,rum,0.4
alchohol,bourbon,0.43
alchohol,evil,0.04
alchohol,bar,0.05
alchohol,scotch,0.02
rye,glass,0.03
rye,wine,0.3
rye,rum,0.17
rye,bourbon,0.15
rye,evil,0.1
rye,bar,0.04
rye,scotch,0.19
glass,wine,0.29
glass,rum,0.2
glass,bourbon,0.31
glass,evil,0.02
glass,bar,0.19
glass,scotch,0.15
wine,rum,0.58
wine,bourbon,0.61
wine,evil,0.16
wine,bar,0.14
wine,scotch,0.07
rum,bourbon,0.47
rum,evil,0.07
rum,bar,0.09
rum,scotch,0.27
bourbon,evil,0.09
bourbon,bar,0.12
bourbon,scotch,0.06
evil,bar,-0.0
evil,scotch,0.06
bar,scotch,0.07
swift,fast,0.32
swift,slow,0.31
swift,river,0.34
swift,Jonathan,0.18
swift,current,0.1
swift,rapid,0.2
swift,stream,0.62
swift,water,0.33
swift,quick,0.35
swift,Gulliver,0.17
swift,run,0.27
swift,sure,0.14
swift,deer,0.29
swift,car,0.09
swift,author,0.14
fast,slow,0.7
fast,river,0.09
fast,Jonathan,0.26
fast,current,0.06
fast,rapid,0.31
fast,stream,0.26
fast,water,0.21
fast,quick,0.48
fast,Gulliver,0.09
fast,run,0.6
fast,sure,0.28
fast,deer,0.16
fast,car,0.21
fast,author,0.05
slow,river,0.11
slow,Jonathan,0.23
slow,current,0.09
slow,rapid,0.48
slow,stream,0.31
slow,water,0.21
slow,quick,0.41
slow,Gulliver,0.1
slow,run,0.35
slow,sure,0.24
slow,deer,0.1
slow,car,0.19
slow,author,0.03
river,Jonathan,-0.01
river,current,0.05
river,rapid,0.03
river,stream,0.38
river,water,0.21
river,quick,0.1
river,Gulliver,0.01
river,run,0.12
river,sure,0.09
river,deer,0.12
river,car,0.01
river,author,0.03
Jonathan,current,0.02
Jonathan,rapid,0.11
Jonathan,stream,0.1
Jonathan,water,0.07
Jonathan,quick,0.27
Jonathan,Gulliver,0.12
Jonathan,run,0.14
Jonathan,sure,0.22
Jonathan,deer,0.03
Jonathan,car,-0.01
Jonathan,author,0.07
current,rapid,0.12
current,stream,0.2
current,water,0.1
current,quick,0.03
current,Gulliver,0.04
current,run,0.04
current,sure,0.05
current,deer,-0.0
current,car,0.03
current,author,0.03
rapid,stream,0.15
rapid,water,0.14
rapid,quick,0.2
rapid,Gulliver,-0.0
rapid,run,0.13
rapid,sure,0.11
rapid,deer,0.08
rapid,car,0.04
rapid,author,-0.02
stream,water,0.5
stream,quick,0.22
stream,Gulliver,0.01
stream,run,0.22
stream,sure,0.1
stream,deer,0.32
stream,car,0.05
stream,author,0.02
water,quick,0.16
water,Gulliver,0.01
water,run,0.17
water,sure,0.14
water,deer,0.11
water,car,0.05
water,author,0.02
quick,Gulliver,0.21
quick,run,0.43
quick,sure,0.55
quick,deer,0.15
quick,car,0.15
quick,author,0.13
Gulliver,run,0.06
Gulliver,sure,0.12
Gulliver,deer,0.01
Gulliver,car,0.01
Gulliver,author,0.54
run,sure,0.32
run,deer,0.19
run,car,0.14
run,author,0.08
sure,deer,0.1
sure,car,0.17
sure,author,0.15
deer,car,0.03
deer,author,0.07
car,author,0.03
trouble,bad,0.56
trouble,shooter,0.41
trouble,worry,0.54
trouble,danger,0.38
trouble,sorrow,0.24
trouble,fear,0.32
trouble,school,0.26
trouble,problem,0.37
trouble,police,0.35
trouble,fight,0.37
trouble,sad,0.34
trouble,difficulty,0.32
trouble,help,0.36
trouble,maker,0.16
trouble,jail,0.43
bad,shooter,0.27
bad,worry,0.47
bad,danger,0.29
bad,sorrow,0.18
bad,fear,0.25
bad,school,0.23
bad,problem,0.12
bad,police,0.17
bad,fight,0.29
bad,sad,0.38
bad,difficulty,0.18
bad,help,0.23
bad,maker,0.1
bad,jail,0.28
shooter,worry,0.19
shooter,danger,0.11
shooter,sorrow,0.01
shooter,fear,0.02
shooter,school,0.04
shooter,problem,0.28
shooter,police,0.11
shooter,fight,0.07
shooter,sad,0.01
shooter,difficulty,0.1
shooter,help,0.08
shooter,maker,0.05
shooter,jail,0.14
worry,danger,0.3
worry,sorrow,0.13
worry,fear,0.31
worry,school,0.26
worry,problem,0.17
worry,police,0.11
worry,fight,0.22
worry,sad,0.38
worry,difficulty,0.2
worry,help,0.28
worry,maker,0.09
worry,jail,0.2
danger,sorrow,0.25
danger,fear,0.57
danger,school,0.09
danger,problem,0.2
danger,police,0.23
danger,fight,0.36
danger,sad,0.24
danger,difficulty,0.29
danger,help,0.27
danger,maker,0.16
danger,jail,0.15
sorrow,fear,0.46
sorrow,school,-0.0
sorrow,problem,0.01
sorrow,police,0.01
sorrow,fight,0.16
sorrow,sad,0.39
sorrow,difficulty,0.13
sorrow,help,0.11
sorrow,maker,0.12
sorrow,jail,0.07
fear,school,0.08
fear,problem,0.08
fear,police,0.2
fear,fight,0.29
fear,sad,0.43
fear,difficulty,0.28
fear,help,0.17
fear,maker,0.07
fear,jail,0.18
school,problem,0.11
school,police,0.05
school,fight,0.1
school,sad,0.21
school,difficulty,0.18
school,help,0.24
school,maker,0.1
school,jail,0.06
problem,police,0.04
problem,fight,0.08
problem,sad,0.06
problem,difficulty,0.42
problem,help,0.19
problem,maker,0.17
problem,jail,0.06
police,fight,0.19
police,sad,0.08
police,difficulty,0.07
police,help,0.21
police,maker,-0.03
police,jail,0.64
fight,sad,0.18
fight,difficulty,0.07
fight,help,0.27
fight,maker,0.04
fight,jail,0.32
sad,difficulty,0.08
sad,help,0.3
sad,maker,0.14
sad,jail,0.16
difficulty,help,0.26
difficulty,maker,0.11
difficulty,jail,0.07
help,maker,0.13
help,jail,0.1
maker,jail,0.03
stove,hot,0.38
stove,heat,0.26
stove,pipe,0.28
stove,cook,0.55
stove,warm,0.39
stove,fire,0.42
stove,oven,0.57
stove,wood,0.35
stove,kitchen,0.75
stove,lid,0.41
stove,coal,0.2
stove,gas,0.12
stove,iron,0.12
stove,range,0.05
stove,furnace,0.28
hot,heat,0.55
hot,pipe,0.25
hot,cook,0.36
hot,warm,0.51
hot,fire,0.21
hot,oven,0.5
hot,wood,0.09
hot,kitchen,0.2
hot,lid,0.29
hot,coal,0.06
hot,gas,0.14
hot,iron,0.14
hot,range,0.13
hot,furnace,0.36
heat,pipe,0.14
heat,cook,0.28
heat,warm,0.39
heat,fire,0.19
heat,oven,0.49
heat,wood,0.16
heat,kitchen,0.07
heat,lid,0.27
heat,coal,0.21
heat,gas,0.26
heat,iron,0.15
heat,range,0.12
heat,furnace,0.46
pipe,cook,0.17
pipe,warm,0.08
pipe,fire,0.19
pipe,oven,0.19
pipe,wood,0.15
pipe,kitchen,0.22
pipe,lid,0.21
pipe,coal,0.14
pipe,gas,0.15
pipe,iron,0.3
pipe,range,0.14
pipe,furnace,0.44
cook,warm,0.2
cook,fire,0.33
cook,oven,0.62
cook,wood,0.27
cook,kitchen,0.53
cook,lid,0.26
cook,coal,0.15
cook,gas,0.1
cook,iron,0.06
cook,range,0.18
cook,furnace,0.2
warm,fire,0.16
warm,oven,0.27
warm,wood,0.17
warm,kitchen,0.21
warm,lid,0.2
warm,coal,0.09
warm,gas,0.02
warm,iron,0.04
warm,range,0.09
warm,furnace,0.23
fire,oven,0.33
fire,wood,0.32
fire,kitchen,0.15
fire,lid,0.21
fire,coal,0.12
fire,gas,0.09
fire,iron,0.11
fire,range,0.1
fire,furnace,0.22
oven,wood,0.19
oven,kitchen,0.54
oven,lid,0.43
oven,coal,0.1
oven,gas,0.11
oven,iron,0.09
oven,range,0.16
oven,furnace,0.34
wood,kitchen,0.17
wood,lid,0.16
wood,coal,0.24
wood,gas,0.2
wood,iron,0.17
wood,range,0.05
wood,furnace,0.18
kitchen,lid,0.29
kitchen,coal,0.07
kitchen,gas,0.04
kitchen,iron,0.06
kitchen,range,0.05
kitchen,furnace,0.17
lid,coal,0.05
lid,gas,0.05
lid,iron,0.05
lid,range,0.01
lid,furnace,0.21
coal,gas,0.46
coal,iron,0.42
coal,range,0.07
coal,furnace,0.34
gas,iron,0.09
gas,range,0.07
gas,furnace,0.2
iron,range,0.06
iron,furnace,0.57
range,furnace,0.12
